minority,age,gender,credits,beauty,eval,division,native,tenure,students,allstudents,prof,PrimaryLast,vismin,female,single_credit,upper_division,English_speaker,tenured_prof
yes,36,female,more,0.289915711,4.300000191,upper,yes,yes,24,43,1,0,1,1,0,1,1,1
yes,36,female,more,0.289915711,3.700000048,upper,yes,yes,86,125,1,0,1,1,0,1,1,1
yes,36,female,more,0.289915711,3.599999905,upper,yes,yes,76,125,1,0,1,1,0,1,1,1
yes,36,female,more,0.289915711,4.400000095,upper,yes,yes,77,123,1,1,1,1,0,1,1,1
no,59,male,more,-0.737732172,4.5,upper,yes,yes,17,20,2,0,0,0,0,1,1,1
no,59,male,more,-0.737732172,4,upper,yes,yes,35,40,2,0,0,0,0,1,1,1
no,59,male,more,-0.737732172,2.099999905,upper,yes,yes,39,44,2,1,0,0,0,1,1,1
no,51,male,more,-0.571983576,3.700000048,upper,yes,yes,55,55,3,0,0,0,0,1,1,1
no,51,male,more,-0.571983576,3.200000048,upper,yes,yes,111,195,3,1,0,0,0,1,1,1
no,40,female,more,-0.677963376,4.300000191,upper,yes,yes,40,46,4,0,0,1,0,1,1,1
no,40,female,more,-0.677963376,3.5,upper,yes,yes,24,27,4,0,0,1,0,1,1,1
no,40,female,more,-0.677963376,4.099999905,upper,yes,yes,24,25,4,0,0,1,0,1,1,1
no,40,female,more,-0.677963376,4.599999905,upper,yes,yes,17,20,4,0,0,1,0,1,1,1
no,40,female,more,-0.677963376,3.799999952,upper,yes,yes,14,25,4,0,0,1,0,1,1,1
no,40,female,more,-0.677963376,3.799999952,upper,yes,yes,37,42,4,0,0,1,0,1,1,1
no,40,female,more,-0.677963376,3.799999952,upper,yes,yes,18,20,4,0,0,1,0,1,1,1
no,40,female,more,-0.677963376,4.199999809,upper,yes,yes,15,18,4,1,0,1,0,1,1,1
no,31,female,more,1.509793997,4.400000095,upper,yes,yes,42,48,5,0,0,1,0,1,1,1
no,31,female,more,1.509793997,3.900000095,upper,yes,yes,40,44,5,0,0,1,0,1,1,1
no,31,female,more,1.509793997,4.5,upper,yes,yes,38,48,5,0,0,1,0,1,1,1
no,31,female,more,1.509793997,4.5,upper,yes,yes,40,45,5,0,0,1,0,1,1,1
no,31,female,more,1.509793997,4.400000095,upper,yes,yes,52,59,5,0,0,1,0,1,1,1
no,31,female,more,1.509793997,4.400000095,upper,yes,yes,49,87,5,1,0,1,0,1,1,1
no,62,male,more,0.588568687,4.199999809,upper,yes,yes,182,282,6,0,0,0,0,1,1,1
no,62,male,more,0.588568687,4.400000095,upper,yes,yes,160,292,6,0,0,0,0,1,1,1
no,62,male,more,0.588568687,4.5,upper,yes,yes,79,130,6,0,0,0,0,1,1,1
no,62,male,more,0.588568687,4.300000191,upper,yes,yes,176,285,6,0,0,0,0,1,1,1
no,62,male,more,0.588568687,4.599999905,upper,yes,yes,155,272,6,0,0,0,0,1,1,1
no,62,male,more,0.588568687,4.800000191,upper,yes,yes,166,286,6,0,0,0,0,1,1,1
no,62,male,more,0.588568687,4.300000191,upper,yes,yes,186,302,6,1,0,0,0,1,1,1
no,33,female,more,-0.126001,4,upper,yes,yes,33,41,7,0,0,1,0,1,1,1
no,33,female,more,-0.126001,4,upper,yes,yes,29,34,7,0,0,1,0,1,1,1
no,33,female,more,-0.126001,4,upper,yes,yes,37,41,7,0,0,1,0,1,1,1
no,33,female,more,-0.126001,3.900000095,upper,yes,yes,29,41,7,0,0,1,0,1,1,1
no,33,female,more,-0.126001,3.299999952,upper,yes,yes,28,34,7,1,0,1,0,1,1,1
no,51,female,more,-0.258189887,3.400000095,upper,yes,yes,25,41,8,0,0,1,0,1,1,1
no,51,female,more,-0.258189887,4.5,upper,yes,yes,21,22,8,0,0,1,0,1,1,1
no,51,female,more,-0.258189887,4.5,upper,yes,yes,13,21,8,0,0,1,0,1,1,1
no,51,female,more,-0.258189887,4.5,upper,yes,yes,16,17,8,0,0,1,0,1,1,1
no,51,female,more,-0.258189887,2.5,lower,yes,yes,24,30,8,0,0,1,0,0,1,1
no,51,female,more,-0.258189887,4.300000191,upper,yes,yes,23,23,8,0,0,1,0,1,1,1
no,51,female,more,-0.258189887,4.5,upper,yes,yes,20,20,8,1,0,1,0,1,1,1
no,33,female,more,0.149692595,4.5,upper,yes,yes,48,60,9,0,0,1,0,1,1,1
no,33,female,more,0.149692595,4.699999809,upper,yes,yes,29,33,9,0,0,1,0,1,1,1
no,33,female,more,0.149692595,3.5,upper,yes,yes,11,44,9,0,0,1,0,1,1,1
no,33,female,more,0.149692595,4.5,upper,yes,yes,29,49,9,0,0,1,0,1,1,1
no,33,female,more,0.149692595,3.799999952,upper,yes,yes,25,29,9,0,0,1,0,1,1,1
no,33,female,more,0.149692595,4.5,upper,yes,yes,42,48,9,0,0,1,0,1,1,1
no,33,female,more,0.149692595,4.300000191,upper,yes,yes,34,40,9,1,0,1,0,1,1,1
no,47,male,more,0.540916979,3.900000095,upper,yes,no,16,19,10,0,0,0,0,1,1,0
no,47,male,more,0.540916979,3.900000095,upper,yes,no,12,16,10,0,0,0,0,1,1,0
no,47,male,more,0.540916979,4.300000191,upper,yes,no,14,15,10,0,0,0,0,1,1,0
no,47,male,more,0.540916979,4.199999809,upper,yes,no,22,23,10,0,0,0,0,1,1,0
no,47,male,more,0.540916979,5,lower,yes,no,10,11,10,0,0,0,0,0,1,0
no,47,male,more,0.540916979,5,lower,yes,no,17,29,10,0,0,0,0,0,1,0
no,47,male,more,0.540916979,4.599999905,upper,yes,no,16,21,10,0,0,0,0,1,1,0
no,47,male,more,0.540916979,5,lower,yes,no,15,18,10,0,0,0,0,0,1,0
no,47,male,more,0.540916979,4.699999809,upper,yes,no,16,19,10,0,0,0,0,1,1,0
no,47,male,more,0.540916979,5,lower,yes,no,16,20,10,1,0,0,0,0,1,0
yes,35,male,more,0.231613398,3.099999905,upper,no,yes,18,25,11,0,1,0,0,1,0,1
yes,35,male,more,0.231613398,2.700000048,upper,no,yes,30,33,11,0,1,0,0,1,0,1
yes,35,male,more,0.231613398,4,upper,no,yes,23,24,11,1,1,0,0,1,0,1
no,37,male,more,-0.066673703,4,upper,yes,no,30,34,12,0,0,0,0,1,1,0
no,37,male,more,-0.066673703,4.400000095,upper,yes,no,13,21,12,0,0,0,0,1,1,0
no,37,male,more,-0.066673703,4.400000095,upper,yes,no,24,30,12,0,0,0,0,1,1,0
no,37,male,more,-0.066673703,4.300000191,upper,yes,no,24,25,12,0,0,0,0,1,1,0
no,37,male,more,-0.066673703,3.5,upper,yes,no,25,35,12,1,0,0,0,1,1,0
no,42,male,more,0.216892406,3.799999952,upper,yes,yes,28,40,13,0,0,0,0,1,1,1
no,42,male,more,0.216892406,3.799999952,upper,yes,yes,18,30,13,0,0,0,0,1,1,1
no,42,male,more,0.216892406,3.900000095,upper,yes,yes,28,42,13,0,0,0,0,1,1,1
no,42,male,more,0.216892406,3.700000048,upper,yes,yes,25,57,13,0,0,0,0,1,1,1
no,42,male,more,0.216892406,3.299999952,upper,yes,yes,40,57,13,0,0,0,0,1,1,1
no,42,male,more,0.216892406,4,upper,yes,yes,40,51,13,0,0,0,0,1,1,1
no,42,male,more,0.216892406,3.799999952,upper,yes,yes,18,30,13,1,0,0,0,1,1,1
no,49,male,more,-0.258696198,3.400000095,upper,no,yes,30,36,14,0,0,0,0,1,0,1
no,49,male,more,-0.258696198,4.199999809,upper,no,yes,31,37,14,0,0,0,0,1,0,1
no,49,male,more,-0.258696198,3.099999905,upper,no,yes,15,29,14,0,0,0,0,1,0,1
no,49,male,more,-0.258696198,3.599999905,upper,no,yes,23,27,14,1,0,0,0,1,0,1
no,37,female,more,0.550287783,2.900000095,upper,yes,yes,23,28,15,0,0,1,0,1,1,1
no,37,female,more,0.550287783,3.299999952,upper,yes,yes,34,52,15,0,0,1,0,1,1,1
no,37,female,more,0.550287783,2.900000095,upper,yes,yes,21,26,15,0,0,1,0,1,1,1
no,37,female,more,0.550287783,3.099999905,upper,yes,yes,29,30,15,1,0,1,0,1,1,1
no,45,male,more,-0.062035799,4.5,upper,yes,yes,23,33,16,0,0,0,0,1,1,1
no,45,male,more,-0.062035799,4,lower,yes,yes,45,177,16,0,0,0,0,0,1,1
no,45,male,more,-0.062035799,4,lower,yes,yes,90,199,16,0,0,0,0,0,1,1
no,45,male,more,-0.062035799,4.199999809,upper,yes,yes,27,32,16,0,0,0,0,1,1,1
no,45,male,more,-0.062035799,3.799999952,upper,yes,yes,35,37,16,0,0,0,0,1,1,1
no,45,male,more,-0.062035799,4.300000191,lower,yes,yes,120,161,16,1,0,0,0,0,1,1
no,56,female,more,-0.982385218,4,upper,yes,no,27,41,17,0,0,1,0,1,1,0
no,56,female,more,-0.982385218,4.599999905,upper,yes,no,39,44,17,0,0,1,0,1,1,0
no,56,female,more,-0.982385218,4.300000191,upper,yes,no,35,53,17,0,0,1,0,1,1,0
no,56,female,more,-0.982385218,3.599999905,upper,yes,no,34,49,17,0,0,1,0,1,1,0
no,56,female,more,-0.982385218,4.199999809,upper,yes,no,27,32,17,1,0,1,0,1,1,0
no,48,male,more,-0.054343998,3.799999952,lower,yes,no,100,135,18,0,0,0,0,0,1,0
no,48,male,more,-0.054343998,3.900000095,upper,yes,no,20,33,18,0,0,0,0,1,1,0
no,48,male,more,-0.054343998,4.099999905,upper,yes,no,14,19,18,0,0,0,0,1,1,0
no,48,male,more,-0.054343998,4,lower,yes,no,65,111,18,0,0,0,0,0,1,0
no,48,male,more,-0.054343998,4.300000191,lower,yes,no,95,149,18,0,0,0,0,0,1,0
no,48,male,more,-0.054343998,3.900000095,upper,yes,no,18,27,18,0,0,0,0,1,1,0
no,48,male,more,-0.054343998,4.199999809,lower,yes,no,85,136,18,0,0,0,0,0,1,0
no,48,male,more,-0.054343998,4.199999809,lower,yes,no,113,140,18,1,0,0,0,0,1,0
no,46,female,more,-0.068014301,4.300000191,upper,yes,yes,25,31,19,0,0,1,0,1,1,1
no,46,female,more,-0.068014301,4.900000095,lower,yes,yes,14,15,19,0,0,1,0,0,1,1
no,46,female,more,-0.068014301,4,upper,yes,yes,23,29,19,0,0,1,0,1,1,1
no,46,female,more,-0.068014301,4.300000191,upper,yes,yes,23,25,19,0,0,1,0,1,1,1
no,46,female,more,-0.068014301,4.900000095,upper,yes,yes,9,18,19,0,0,1,0,1,1,1
no,46,female,more,-0.068014301,3.900000095,upper,yes,yes,30,45,19,0,0,1,0,1,1,1
no,46,female,more,-0.068014301,4.900000095,lower,yes,yes,15,15,19,0,0,1,0,0,1,1
no,46,female,more,-0.068014301,3.900000095,upper,yes,yes,31,38,19,0,0,1,0,1,1,1
no,46,female,more,-0.068014301,4,lower,yes,yes,12,15,19,1,0,1,0,0,1,1
no,57,female,more,0.0294137,3.400000095,upper,yes,no,17,28,20,0,0,1,0,1,1,0
no,57,female,more,0.0294137,3.5,upper,yes,no,10,23,20,0,0,1,0,1,1,0
no,57,female,more,0.0294137,3.900000095,upper,yes,no,15,19,20,0,0,1,0,1,1,0
no,57,female,more,0.0294137,4,upper,yes,no,7,23,20,0,0,1,0,1,1,0
no,57,female,more,0.0294137,3.599999905,upper,yes,no,7,22,20,0,0,1,0,1,1,0
no,57,female,more,0.0294137,3,upper,yes,no,14,20,20,0,0,1,0,1,1,0
no,57,female,more,0.0294137,3,upper,yes,no,8,19,20,0,0,1,0,1,1,0
no,57,female,more,0.0294137,3.599999905,upper,yes,no,17,23,20,0,0,1,0,1,1,0
no,57,female,more,0.0294137,3.599999905,upper,yes,no,10,22,20,0,0,1,0,1,1,0
no,57,female,more,0.0294137,3.200000048,upper,yes,no,12,15,20,1,0,1,0,1,1,0
no,52,female,more,0.239485905,3.400000095,upper,yes,no,19,22,21,0,0,1,0,1,1,0
no,52,female,more,0.239485905,3.900000095,upper,yes,no,27,31,21,0,0,1,0,1,1,0
no,52,female,more,0.239485905,3.5,upper,yes,no,20,21,21,0,0,1,0,1,1,0
no,52,female,more,0.239485905,3.5,upper,yes,no,31,36,21,0,0,1,0,1,1,0
no,52,female,single,0.239485905,3.099999905,upper,yes,no,17,19,21,0,0,1,1,1,1,0
no,52,female,more,0.239485905,4.199999809,upper,yes,no,23,37,21,1,0,1,0,1,1,0
no,62,male,more,-0.733091414,4.300000191,upper,yes,yes,30,39,23,0,0,0,0,1,1,1
no,62,male,more,-0.733091414,3.599999905,lower,yes,yes,94,184,23,0,0,0,0,0,1,1
no,62,male,more,-0.733091414,4.5,upper,yes,yes,46,50,23,0,0,0,0,1,1,1
no,62,male,more,-0.733091414,3.700000048,lower,yes,yes,80,157,23,0,0,0,0,0,1,1
no,62,male,more,-0.733091414,3.400000095,lower,yes,yes,61,164,23,1,0,0,0,0,1,1
no,64,male,more,-0.111122102,4.400000095,upper,yes,yes,15,24,24,0,0,0,0,1,1,1
no,64,male,more,-0.111122102,4.5,upper,yes,yes,51,68,24,0,0,0,0,1,1,1
no,64,male,more,-0.111122102,4.599999905,upper,yes,yes,22,47,24,0,0,0,0,1,1,1
no,64,male,more,-0.111122102,4.800000191,upper,yes,yes,10,14,24,0,0,0,0,1,1,1
no,64,male,more,-0.111122102,4.5,upper,yes,yes,11,15,24,0,0,0,0,1,1,1
no,64,male,more,-0.111122102,4.400000095,upper,yes,yes,15,24,24,0,0,0,0,1,1,1
no,64,male,more,-0.111122102,4.099999905,upper,yes,yes,21,39,24,1,0,0,0,1,1,1
no,34,female,more,1.775516987,4.599999905,upper,yes,yes,20,26,25,0,0,1,0,1,1,1
no,34,female,more,1.775516987,3.900000095,upper,yes,yes,33,40,25,1,0,1,0,1,1,1
no,58,male,more,-0.321848512,4.199999809,upper,yes,yes,84,159,26,0,0,0,0,1,1,1
no,58,male,more,-0.321848512,4.300000191,upper,yes,yes,71,151,26,0,0,0,0,1,1,1
no,58,male,more,-0.321848512,3.5,lower,yes,yes,36,47,26,0,0,0,0,0,1,1
no,58,male,more,-0.321848512,4,upper,yes,yes,73,122,26,0,0,0,0,1,1,1
no,58,male,more,-0.321848512,4,lower,yes,yes,31,45,26,1,0,0,0,0,1,1
yes,52,male,more,0.211693898,4,upper,no,yes,13,16,27,0,1,0,0,1,0,1
yes,52,male,more,0.211693898,4.599999905,upper,no,yes,23,23,27,0,1,0,0,1,0,1
yes,52,male,more,0.211693898,4.599999905,upper,no,yes,12,16,27,0,1,0,0,1,0,1
yes,52,male,more,0.211693898,3.700000048,upper,no,yes,15,18,27,0,1,0,0,1,0,1
yes,52,male,more,0.211693898,3.5,upper,no,yes,11,16,27,0,1,0,0,1,0,1
yes,52,male,more,0.211693898,3.599999905,upper,no,yes,12,15,27,0,1,0,0,1,0,1
yes,52,male,more,0.211693898,3.900000095,upper,no,yes,18,28,27,1,1,0,0,1,0,1
no,73,male,more,-0.717644989,3.299999952,upper,yes,yes,12,17,28,0,0,0,0,1,1,1
no,73,male,more,-0.717644989,4.199999809,upper,yes,yes,10,13,28,0,0,0,0,1,1,1
no,73,male,more,-0.717644989,3.200000048,upper,yes,yes,16,21,28,0,0,0,0,1,1,1
no,73,male,more,-0.717644989,4.900000095,upper,yes,yes,13,17,28,1,0,0,0,1,1,1
no,70,male,more,-0.732692719,4.400000095,upper,yes,yes,47,134,29,0,0,0,0,1,1,1
no,70,male,more,-0.732692719,4,upper,yes,yes,5,48,29,0,0,0,0,1,1,1
no,70,male,more,-0.732692719,3.5,upper,yes,yes,34,64,29,0,0,0,0,1,1,1
no,70,male,more,-0.732692719,3.400000095,upper,yes,yes,24,69,29,1,0,0,0,1,1,1
no,63,male,more,-0.0102077,3.5,upper,yes,no,28,43,31,0,0,0,0,1,1,0
no,63,male,more,-0.0102077,4.199999809,upper,yes,no,11,14,31,0,0,0,0,1,1,0
no,63,male,more,-0.0102077,3.5,upper,yes,no,10,15,31,0,0,0,0,1,1,0
no,63,male,more,-0.0102077,4.400000095,upper,yes,no,14,18,31,0,0,0,0,1,1,0
no,63,male,more,-0.0102077,3.700000048,upper,yes,no,12,16,31,0,0,0,0,1,1,0
no,63,male,more,-0.0102077,3.400000095,upper,yes,no,8,10,31,0,0,0,0,1,1,0
no,63,male,more,-0.0102077,3,upper,yes,no,23,47,31,1,0,0,0,1,1,0
no,47,male,more,-0.92395699,4.699999809,upper,yes,yes,10,15,32,0,0,0,0,1,1,1
no,47,male,more,-0.92395699,3.900000095,upper,yes,yes,10,14,32,0,0,0,0,1,1,1
no,47,male,more,-0.92395699,2.799999952,upper,yes,yes,10,12,32,1,0,0,0,1,1,1
no,39,male,more,0.576680481,3.900000095,lower,yes,yes,86,246,33,0,0,0,0,0,1,1
no,39,male,more,0.576680481,3.700000048,lower,yes,yes,154,316,33,0,0,0,0,0,1,1
no,39,male,more,0.576680481,4.599999905,upper,yes,yes,12,15,33,0,0,0,0,1,1,1
no,39,male,more,0.576680481,4.199999809,upper,yes,yes,14,15,33,0,0,0,0,1,1,1
no,39,male,more,0.576680481,4.400000095,upper,yes,yes,27,29,33,1,0,0,0,1,1,1
yes,47,female,more,-0.083601497,4,lower,yes,yes,21,21,34,0,1,1,0,0,1,1
yes,47,female,more,-0.083601497,3.799999952,upper,yes,yes,8,8,34,0,1,1,0,1,1,1
yes,47,female,single,-0.083601497,4.099999905,lower,yes,yes,16,16,34,0,1,1,1,0,1,1
yes,47,female,more,-0.083601497,3.700000048,lower,yes,yes,24,26,34,0,1,1,0,0,1,1
yes,47,female,more,-0.083601497,4.099999905,upper,yes,yes,7,10,34,0,1,1,0,1,1,1
yes,47,female,more,-0.083601497,3,lower,yes,yes,25,26,34,0,1,1,0,0,1,1
yes,47,female,more,-0.083601497,3.200000048,lower,yes,yes,24,26,34,0,1,1,0,0,1,1
yes,47,female,more,-0.083601497,2.799999952,lower,yes,yes,24,26,34,0,1,1,0,0,1,1
yes,47,female,single,-0.083601497,4.699999809,lower,yes,yes,20,21,34,0,1,1,1,0,1,1
yes,47,female,more,-0.083601497,4.199999809,lower,yes,yes,12,12,34,0,1,1,0,0,1,1
yes,47,female,more,-0.083601497,3.200000048,lower,yes,yes,25,27,34,0,1,1,0,0,1,1
yes,47,female,more,-0.083601497,3.099999905,lower,yes,yes,26,27,34,0,1,1,0,0,1,1
yes,47,female,more,-0.083601497,4,lower,yes,yes,24,25,34,1,1,1,0,0,1,1
no,54,male,more,-1.079558015,4.300000191,upper,yes,yes,15,15,35,0,0,0,0,1,1,1
no,54,male,more,-1.079558015,4.199999809,upper,yes,yes,10,15,35,0,0,0,0,1,1,1
no,54,male,more,-1.079558015,4.300000191,upper,yes,yes,16,17,35,1,0,0,0,1,1,1
yes,44,female,more,1.040902019,3.799999952,upper,yes,yes,30,55,36,0,1,1,0,1,1,1
yes,44,female,more,1.040902019,3.299999952,upper,yes,yes,35,48,36,0,1,1,0,1,1,1
yes,44,female,more,1.040902019,4.099999905,upper,yes,yes,21,21,36,0,1,1,0,1,1,1
yes,44,female,more,1.040902019,3.700000048,upper,yes,yes,35,39,36,1,1,1,0,1,1,1
yes,47,male,more,-1.052108049,3.799999952,upper,yes,yes,20,27,37,0,1,0,0,1,1,1
yes,47,male,more,-1.052108049,3.299999952,upper,yes,yes,9,14,37,0,1,0,0,1,1,1
yes,47,male,more,-1.052108049,3.799999952,upper,yes,yes,21,26,37,0,1,0,0,1,1,1
yes,47,male,more,-1.052108049,3.400000095,upper,yes,yes,13,16,37,0,1,0,0,1,1,1
yes,47,male,more,-1.052108049,4.199999809,upper,yes,yes,13,16,37,0,1,0,0,1,1,1
yes,47,male,more,-1.052108049,3.799999952,upper,yes,yes,12,13,37,0,1,0,0,1,1,1
yes,47,male,more,-1.052108049,3.5,upper,yes,yes,14,14,37,0,1,0,0,1,1,1
yes,47,male,more,-1.052108049,3.299999952,upper,yes,yes,15,17,37,1,1,0,0,1,1,1
no,62,male,more,-0.727768123,4,upper,yes,yes,12,13,38,0,0,0,0,1,1,1
no,62,male,more,-0.727768123,4.300000191,upper,yes,yes,13,15,38,0,0,0,0,1,1,1
no,62,male,more,-0.727768123,4.099999905,upper,yes,yes,7,10,38,1,0,0,0,1,1,1
no,60,male,more,-0.395396501,4.599999905,upper,yes,yes,25,34,39,0,0,0,0,1,1,1
no,60,male,more,-0.395396501,4.5,upper,yes,yes,12,16,39,0,0,0,0,1,1,1
no,60,male,more,-0.395396501,4.5,upper,yes,yes,11,14,39,0,0,0,0,1,1,1
no,60,male,more,-0.395396501,4.599999905,upper,yes,yes,8,12,39,0,0,0,0,1,1,1
no,60,male,more,-0.395396501,4.400000095,upper,yes,yes,24,39,39,0,0,0,0,1,1,1
no,60,male,more,-0.395396501,4.099999905,upper,yes,yes,15,35,39,0,0,0,0,1,1,1
no,60,male,more,-0.395396501,4.5,upper,yes,yes,31,45,39,0,0,0,0,1,1,1
no,60,male,more,-0.395396501,4.300000191,lower,yes,yes,36,45,39,1,0,0,0,0,1,1
no,42,male,more,-0.237778604,4.699999809,upper,yes,yes,13,14,41,0,0,0,0,1,1,1
no,42,male,more,-0.237778604,4.400000095,upper,yes,yes,14,14,41,0,0,0,0,1,1,1
no,42,male,more,-0.237778604,4.900000095,upper,yes,yes,13,14,41,0,0,0,0,1,1,1
no,42,male,more,-0.237778604,4.699999809,upper,yes,yes,12,12,41,0,0,0,0,1,1,1
no,42,male,more,-0.237778604,4.599999905,upper,yes,yes,13,15,41,1,0,0,0,1,1,1
no,35,male,more,0.274908006,4.199999809,upper,yes,yes,42,51,42,0,0,0,0,1,1,1
no,35,male,more,0.274908006,4.800000191,lower,yes,yes,21,23,42,0,0,0,0,0,1,1
no,35,male,more,0.274908006,4.199999809,upper,yes,yes,49,57,42,0,0,0,0,1,1,1
no,35,male,more,0.274908006,4.599999905,lower,yes,yes,44,50,42,1,0,0,0,0,1,1
no,39,female,more,1.970023036,3.400000095,lower,yes,no,22,24,43,0,0,1,0,0,1,0
no,39,female,more,1.970023036,4.699999809,upper,yes,no,18,23,43,0,0,1,0,1,1,0
no,39,female,more,1.970023036,4.599999905,upper,yes,no,20,23,43,0,0,1,0,1,1,0
no,39,female,more,1.970023036,3.599999905,lower,yes,no,27,28,43,1,0,1,0,0,1,0
no,49,male,more,1.05095005,3.900000095,upper,yes,yes,28,45,44,0,0,0,0,1,1,1
no,49,male,more,1.05095005,3.900000095,upper,yes,yes,27,42,44,0,0,0,0,1,1,1
no,49,male,more,1.05095005,4,upper,yes,yes,49,57,44,1,0,0,0,1,1,1
no,61,male,more,0.241818503,4.5,lower,yes,yes,22,27,45,0,0,0,0,0,1,1
no,61,male,more,0.241818503,4.400000095,upper,yes,yes,31,38,45,0,0,0,0,1,1,1
no,61,male,more,0.241818503,4.5,lower,yes,yes,19,22,45,0,0,0,0,0,1,1
no,61,male,more,0.241818503,4.400000095,upper,yes,yes,27,43,45,1,0,0,0,1,1,1
no,33,male,more,1.349395037,4.699999809,upper,yes,yes,30,31,46,0,0,0,0,1,1,1
no,33,male,more,1.349395037,3,upper,yes,yes,12,13,46,0,0,0,0,1,1,1
no,33,male,more,1.349395037,3.700000048,upper,yes,yes,13,15,46,1,0,0,0,1,1,1
no,56,female,more,-0.257725388,3.700000048,upper,yes,yes,12,19,48,0,0,1,0,1,1,1
no,56,female,more,-0.257725388,3.599999905,upper,yes,yes,16,20,48,0,0,1,0,1,1,1
no,56,female,more,-0.257725388,3.099999905,upper,yes,yes,17,23,48,1,0,1,0,1,1,1
no,50,female,more,-0.656268895,4,lower,yes,no,22,27,49,0,0,1,0,0,1,0
no,50,female,single,-0.656268895,3.799999952,lower,yes,no,24,32,49,0,0,1,1,0,1,0
no,50,female,single,-0.656268895,4.699999809,lower,yes,no,14,21,49,0,0,1,1,0,1,0
no,50,female,more,-0.656268895,3.799999952,upper,yes,no,23,24,49,0,0,1,0,1,1,0
no,50,female,more,-0.656268895,3.799999952,upper,yes,no,19,21,49,0,0,1,0,1,1,0
no,50,female,more,-0.656268895,2.799999952,upper,yes,no,18,28,49,0,0,1,0,1,1,0
no,50,female,more,-0.656268895,4,upper,yes,no,23,29,49,1,0,1,0,1,1,0
no,52,male,more,-0.65639478,4.099999905,upper,yes,yes,57,67,50,0,0,0,0,1,1,1
no,52,male,more,-0.65639478,4,upper,yes,yes,81,89,50,0,0,0,0,1,1,1
no,52,male,more,-0.65639478,3.5,upper,yes,yes,74,82,50,0,0,0,0,1,1,1
no,52,male,more,-0.65639478,3.400000095,upper,yes,yes,102,122,50,0,0,0,0,1,1,1
no,52,male,more,-0.65639478,4,upper,yes,yes,94,131,50,0,0,0,0,1,1,1
no,52,male,more,-0.65639478,3.5,upper,yes,yes,89,114,50,0,0,0,0,1,1,1
no,52,male,more,-0.65639478,3.799999952,upper,yes,yes,133,149,50,0,0,0,0,1,1,1
no,52,male,more,-0.65639478,4.699999809,upper,yes,yes,22,23,50,0,0,0,0,1,1,1
no,52,male,more,-0.65639478,3.900000095,upper,yes,yes,78,98,50,0,0,0,0,1,1,1
no,52,male,more,-0.65639478,4.5,upper,yes,yes,22,27,50,0,0,0,0,1,1,1
no,52,male,more,-0.65639478,4.199999809,upper,yes,yes,27,30,50,0,0,0,0,1,1,1
no,52,male,more,-0.65639478,4.699999809,upper,yes,yes,27,30,50,0,0,0,0,1,1,1
no,52,male,more,-0.65639478,4,upper,yes,yes,60,69,50,1,0,0,0,1,1,1
no,33,female,more,0.72447753,4.400000095,upper,yes,yes,10,15,51,0,0,1,0,1,1,1
no,33,female,more,0.72447753,4.800000191,upper,yes,yes,10,10,51,0,0,1,0,1,1,1
no,33,female,more,0.72447753,4.800000191,upper,yes,yes,10,11,51,0,0,1,0,1,1,1
no,33,female,more,0.72447753,4.400000095,upper,yes,yes,10,14,51,0,0,1,0,1,1,1
no,33,female,more,0.72447753,4.699999809,upper,yes,yes,7,11,51,0,0,1,0,1,1,1
no,33,female,more,0.72447753,4.5,upper,yes,yes,14,14,51,1,0,1,0,1,1,1
no,57,male,more,0.631834328,4.199999809,upper,yes,yes,69,77,52,0,0,0,0,1,1,1
no,57,male,more,0.631834328,4.199999809,upper,yes,yes,36,41,52,0,0,0,0,1,1,1
no,57,male,more,0.631834328,4.400000095,upper,yes,yes,72,88,52,0,0,0,0,1,1,1
no,57,male,more,0.631834328,4.099999905,upper,yes,yes,63,78,52,1,0,0,0,1,1,1
no,38,female,more,1.070943952,4.5,upper,yes,yes,46,65,53,0,0,1,0,1,1,1
no,38,female,more,1.070943952,4.199999809,lower,yes,yes,109,157,53,0,0,1,0,0,1,1
no,38,female,more,1.070943952,4.800000191,upper,yes,yes,54,68,53,0,0,1,0,1,1,1
no,38,female,more,1.070943952,4.400000095,upper,yes,yes,51,67,53,0,0,1,0,1,1,1
no,38,female,more,1.070943952,4.699999809,upper,yes,yes,61,80,53,0,0,1,0,1,1,1
no,38,female,more,1.070943952,4.199999809,lower,yes,yes,102,137,53,0,0,1,0,0,1,1
no,38,female,more,1.070943952,4.5,upper,yes,yes,58,69,53,1,0,1,0,1,1,1
no,34,female,more,-1.450494051,3.799999952,lower,yes,yes,54,91,54,0,0,1,0,0,1,1
no,34,female,more,-1.450494051,3.400000095,lower,yes,yes,46,80,54,0,0,1,0,0,1,1
no,34,female,more,-1.450494051,3.700000048,lower,yes,yes,53,90,54,0,0,1,0,0,1,1
no,34,female,more,-1.450494051,3.599999905,upper,yes,yes,19,34,54,0,0,1,0,1,1,1
no,34,female,more,-1.450494051,3.900000095,upper,yes,yes,41,73,54,0,0,1,0,1,1,1
no,34,female,more,-1.450494051,3.900000095,upper,yes,yes,25,44,54,1,0,1,0,1,1,1
no,34,male,more,1.155879974,3.099999905,upper,yes,yes,24,36,55,0,0,0,0,1,1,1
no,34,male,more,1.155879974,3.700000048,upper,yes,yes,16,20,55,0,0,0,0,1,1,1
no,34,male,more,1.155879974,3,lower,yes,yes,20,35,55,1,0,0,0,0,1,1
no,32,male,more,-0.326014787,3.700000048,lower,yes,yes,85,248,56,0,0,0,0,0,1,1
no,32,male,more,-0.326014787,3.599999905,lower,yes,yes,69,168,56,0,0,0,0,0,1,1
no,32,male,more,-0.326014787,3.599999905,lower,yes,yes,98,247,56,0,0,0,0,0,1,1
no,32,male,more,-0.326014787,4.300000191,upper,yes,yes,20,22,56,0,0,0,0,1,1,1
no,32,male,more,-0.326014787,4.5,upper,yes,yes,72,103,56,1,0,0,0,1,1,1
no,42,female,more,0.884643495,3.900000095,lower,yes,yes,44,62,57,0,0,1,0,0,1,1
no,42,female,more,0.884643495,3.900000095,upper,yes,yes,51,82,57,1,0,1,0,1,1,1
no,43,female,more,-0.558345199,4,lower,yes,yes,35,51,58,0,0,1,0,0,1,1
no,43,female,more,-0.558345199,4.599999905,upper,yes,yes,18,35,58,0,0,1,0,1,1,1
no,43,female,more,-0.558345199,4.099999905,lower,yes,yes,26,34,58,0,0,1,0,0,1,1
no,43,female,more,-0.558345199,4.199999809,lower,yes,yes,28,37,58,0,0,1,0,0,1,1
no,43,female,more,-0.558345199,4.099999905,lower,yes,yes,13,14,58,0,0,1,0,0,1,1
no,43,female,more,-0.558345199,3.099999905,lower,yes,yes,174,266,58,0,0,1,0,0,1,1
no,43,female,more,-0.558345199,3.599999905,lower,yes,yes,171,254,58,0,0,1,0,0,1,1
no,43,female,more,-0.558345199,4.199999809,upper,yes,yes,10,13,58,0,0,1,0,1,1,1
no,43,female,more,-0.558345199,3,lower,yes,yes,166,282,58,0,0,1,0,0,1,1
no,43,female,more,-0.558345199,4.199999809,upper,yes,yes,17,17,58,1,0,1,0,1,1,1
no,35,male,more,-0.341554314,3.299999952,upper,no,yes,11,19,59,0,0,0,0,1,0,1
no,35,male,more,-0.341554314,3.400000095,lower,no,yes,22,42,59,1,0,0,0,0,0,1
no,62,female,more,-0.504057527,3.099999905,upper,yes,yes,22,27,60,0,0,1,0,1,1,1
no,62,female,more,-0.504057527,3.099999905,upper,yes,yes,9,16,60,0,0,1,0,1,1,1
no,62,female,more,-0.504057527,2.700000048,upper,yes,yes,14,19,60,1,0,1,0,1,1,1
no,52,female,more,0.773523986,3.700000048,upper,yes,yes,64,88,63,0,0,1,0,1,1,1
no,52,female,more,0.773523986,3.900000095,upper,yes,yes,70,98,63,1,0,1,0,1,1,1
no,52,female,more,1.063938022,3.400000095,upper,yes,yes,31,44,64,0,0,1,0,1,1,1
no,52,female,more,1.063938022,3.900000095,upper,yes,yes,49,65,64,0,0,1,0,1,1,1
no,52,female,more,1.063938022,3.599999905,upper,yes,yes,32,63,64,1,0,1,0,1,1,1
no,52,female,more,-1.090389013,4.300000191,upper,yes,no,59,75,65,0,0,1,0,1,1,0
no,52,female,more,-1.090389013,3.700000048,upper,yes,no,35,43,65,0,0,1,0,1,1,0
no,52,female,more,-1.090389013,3.599999905,upper,yes,no,59,80,65,0,0,1,0,1,1,0
no,52,female,more,-1.090389013,4.400000095,upper,yes,no,45,52,65,0,0,1,0,1,1,0
no,52,female,more,-1.090389013,4.300000191,upper,yes,no,34,48,65,0,0,1,0,1,1,0
no,52,female,more,-1.090389013,4.099999905,upper,yes,no,50,66,65,0,0,1,0,1,1,0
no,52,female,more,-1.090389013,3.700000048,upper,yes,no,67,100,65,1,0,1,0,1,1,0
no,64,male,more,-1.069162011,3.700000048,upper,yes,yes,9,11,66,0,0,0,0,1,1,1
no,64,male,more,-1.069162011,3.599999905,upper,yes,yes,8,16,66,0,0,0,0,1,1,1
no,64,male,more,-1.069162011,2.799999952,upper,yes,yes,18,22,66,0,0,0,0,1,1,1
no,64,male,more,-1.069162011,4,upper,yes,yes,5,11,66,0,0,0,0,1,1,1
no,64,male,more,-1.069162011,4.400000095,upper,yes,yes,5,10,66,0,0,0,0,1,1,1
no,64,male,more,-1.069162011,3.599999905,upper,yes,yes,16,16,66,1,0,0,0,1,1,1
no,50,male,more,1.415694952,4.199999809,upper,yes,yes,15,16,67,0,0,0,0,1,1,1
no,50,male,more,1.415694952,3.700000048,upper,yes,yes,9,10,67,1,0,0,0,1,1,1
no,60,male,more,-1.422919035,2.200000048,upper,yes,yes,23,32,68,0,0,0,0,1,1,1
no,60,male,more,-1.422919035,2.900000095,upper,yes,yes,7,10,68,0,0,0,0,1,1,1
no,60,male,more,-1.422919035,2.599999905,upper,yes,yes,10,16,68,1,0,0,0,1,1,1
no,43,male,more,-0.489962608,4.300000191,lower,yes,yes,19,22,70,0,0,0,0,0,1,1
no,43,male,single,-0.489962608,4.800000191,lower,yes,yes,15,28,70,0,0,0,1,0,1,1
no,43,male,single,-0.489962608,4.900000095,lower,yes,yes,18,30,70,0,0,0,1,0,1,1
no,43,male,more,-0.489962608,4.300000191,lower,yes,yes,11,15,70,0,0,0,0,0,1,1
no,43,male,more,-0.489962608,4.400000095,lower,yes,yes,10,13,70,0,0,0,0,0,1,1
no,43,male,single,-0.489962608,4.300000191,lower,yes,yes,17,18,70,0,0,0,1,0,1,1
no,43,male,single,-0.489962608,4.699999809,lower,yes,yes,22,26,70,0,0,0,1,0,1,1
no,43,male,single,-0.489962608,4.300000191,lower,yes,yes,18,30,70,0,0,0,1,0,1,1
no,43,male,more,-0.489962608,4.599999905,lower,yes,yes,14,14,70,1,0,0,0,0,1,1
yes,50,male,single,-0.583586872,4.599999905,lower,yes,no,17,24,71,0,1,0,1,0,1,0
yes,50,male,single,-0.583586872,4.900000095,lower,yes,no,20,22,71,0,1,0,1,0,1,0
yes,50,male,single,-0.583586872,4.800000191,lower,yes,no,21,25,71,0,1,0,1,0,1,0
yes,50,male,single,-0.583586872,4.699999809,lower,yes,no,23,26,71,0,1,0,1,0,1,0
yes,50,male,single,-0.583586872,4.800000191,lower,yes,no,19,22,71,0,1,0,1,0,1,0
yes,50,male,single,-0.583586872,4.900000095,lower,yes,no,20,26,71,0,1,0,1,0,1,0
yes,50,male,single,-0.583586872,4.800000191,lower,yes,no,17,20,71,0,1,0,1,0,1,0
yes,50,male,single,-0.583586872,4.800000191,lower,yes,no,18,22,71,0,1,0,1,0,1,0
yes,50,male,single,-0.583586872,5,lower,yes,no,20,21,71,0,1,0,1,0,1,0
yes,50,male,single,-0.583586872,4.5,lower,yes,no,19,21,71,1,1,0,1,0,1,0
no,52,male,more,0.756682873,3.5,upper,yes,yes,46,69,72,0,0,0,0,1,1,1
no,52,male,more,0.756682873,3.799999952,upper,yes,yes,46,65,72,0,0,0,0,1,1,1
no,52,male,more,0.756682873,3.799999952,upper,yes,yes,39,62,72,0,0,0,0,1,1,1
no,52,male,more,0.756682873,3.799999952,upper,yes,yes,34,67,72,0,0,0,0,1,1,1
no,52,male,more,0.756682873,4,upper,yes,yes,29,40,72,0,0,0,0,1,1,1
no,52,male,more,0.756682873,4.199999809,upper,yes,yes,27,45,72,1,0,0,0,1,1,1
no,51,male,more,0.880818605,4.599999905,lower,yes,yes,348,574,73,0,0,0,0,0,1,1
no,51,male,more,0.880818605,4.5,lower,yes,yes,372,579,73,0,0,0,0,0,1,1
no,51,male,more,0.880818605,4.5,lower,yes,yes,343,537,73,0,0,0,0,0,1,1
no,51,male,more,0.880818605,4.599999905,lower,yes,yes,380,581,73,0,0,0,0,0,1,1
no,51,male,more,0.880818605,4.699999809,lower,yes,yes,322,527,73,1,0,0,0,0,1,1
no,38,male,more,-0.566501379,3.700000048,lower,yes,yes,44,87,74,0,0,0,0,0,1,1
no,38,male,more,-0.566501379,4.099999905,lower,yes,yes,66,84,74,0,0,0,0,0,1,1
no,38,male,more,-0.566501379,3.599999905,lower,yes,yes,40,79,74,0,0,0,0,0,1,1
no,38,male,more,-0.566501379,4,lower,yes,yes,60,92,74,1,0,0,0,0,1,1
no,47,female,more,0.339403689,3.799999952,lower,yes,yes,19,24,75,0,0,1,0,0,1,1
no,47,female,more,0.339403689,3.400000095,lower,yes,yes,38,67,75,1,0,1,0,0,1,1
yes,43,female,more,-0.151368707,3.599999905,lower,yes,yes,47,103,76,0,1,1,0,0,1,1
yes,43,female,more,-0.151368707,2.799999952,lower,yes,yes,93,190,76,1,1,1,0,0,1,1
no,38,female,more,-1.024996996,4.400000095,lower,yes,no,33,68,77,0,0,1,0,0,1,0
no,38,female,more,-1.024996996,4.099999905,lower,yes,no,36,60,77,0,0,1,0,0,1,0
no,38,female,more,-1.024996996,3.5,lower,yes,no,29,64,77,0,0,1,0,0,1,0
no,38,female,more,-1.024996996,3.400000095,lower,yes,no,23,31,77,0,0,1,0,0,1,0
no,38,female,more,-1.024996996,4.099999905,lower,yes,no,36,62,77,0,0,1,0,0,1,0
no,38,female,more,-1.024996996,4.199999809,lower,yes,no,30,37,77,1,0,1,0,0,1,0
no,43,male,more,-0.0252444,4.099999905,lower,yes,yes,10,13,78,0,0,0,0,0,1,1
no,43,male,more,-0.0252444,4.300000191,lower,yes,yes,8,13,78,0,0,0,0,0,1,1
no,43,male,more,-0.0252444,4.099999905,upper,yes,yes,12,15,78,0,0,0,0,1,1,1
no,43,male,more,-0.0252444,3.400000095,upper,yes,yes,65,79,78,1,0,0,0,1,1,1
no,57,male,more,-0.746787488,4.300000191,upper,yes,yes,7,13,79,0,0,0,0,1,1,1
no,57,male,more,-0.746787488,3.5,upper,yes,yes,53,98,79,0,0,0,0,1,1,1
no,57,male,more,-0.746787488,3.599999905,upper,yes,yes,58,97,79,1,0,0,0,1,1,1
no,51,female,more,0.988948524,4,upper,yes,yes,9,11,80,0,0,1,0,1,1,1
no,51,female,more,0.988948524,3.700000048,upper,yes,yes,67,78,80,0,0,1,0,1,1,1
no,51,female,more,0.988948524,3,upper,yes,yes,36,56,80,0,0,1,0,1,1,1
no,51,female,more,0.988948524,4.599999905,upper,yes,yes,17,20,80,1,0,1,0,1,1,1
no,45,male,single,-0.53241992,4.800000191,lower,yes,no,12,17,81,0,0,0,1,0,1,0
no,45,male,single,-0.53241992,4,lower,yes,no,17,20,81,0,0,0,1,0,1,0
no,45,male,more,-0.53241992,4.800000191,lower,yes,no,13,19,81,0,0,0,0,0,1,0
no,45,male,single,-0.53241992,4.599999905,lower,yes,no,19,26,81,1,0,0,1,0,1,0
no,57,male,more,-0.766892076,3.5,lower,yes,yes,13,14,82,0,0,0,0,0,1,1
no,57,male,more,-0.766892076,3.400000095,lower,yes,yes,12,18,82,0,0,0,0,0,1,1
no,57,male,more,-0.766892076,4.400000095,lower,yes,yes,12,12,82,0,0,0,0,0,1,1
no,57,male,more,-0.766892076,3.599999905,lower,yes,yes,16,19,82,0,0,0,0,0,1,1
no,57,male,more,-0.766892076,3.799999952,lower,yes,yes,12,16,82,0,0,0,0,0,1,1
no,57,male,more,-0.766892076,3.700000048,lower,yes,yes,14,16,82,0,0,0,0,0,1,1
no,57,male,more,-0.766892076,4.699999809,lower,yes,yes,11,12,82,0,0,0,0,0,1,1
no,57,male,more,-0.766892076,4.5,lower,yes,yes,15,17,82,0,0,0,0,0,1,1
no,57,male,more,-0.766892076,5,upper,yes,yes,6,15,82,0,0,0,0,1,1,1
no,57,male,more,-0.766892076,3.799999952,lower,yes,yes,15,16,82,0,0,0,0,0,1,1
no,57,male,more,-0.766892076,4.099999905,lower,yes,yes,12,17,82,1,0,0,0,0,1,1
no,47,female,more,1.154255986,3.599999905,lower,yes,no,16,21,83,0,0,1,0,0,1,0
no,47,female,single,1.154255986,4.300000191,lower,yes,no,15,17,83,0,0,1,1,0,1,0
no,47,female,single,1.154255986,4.400000095,lower,yes,no,10,10,83,0,0,1,1,0,1,0
no,47,female,single,1.154255986,4.699999809,lower,yes,no,16,17,83,0,0,1,1,0,1,0
no,47,female,more,1.154255986,3.900000095,lower,yes,no,15,17,83,1,0,1,0,0,1,0
yes,54,female,more,1.232602,3.799999952,lower,yes,yes,18,18,84,0,1,1,0,0,1,1
yes,54,female,more,1.232602,4.800000191,lower,yes,yes,15,16,84,0,1,1,0,0,1,1
yes,54,female,more,1.232602,4.300000191,lower,yes,yes,21,26,84,0,1,1,0,0,1,1
yes,54,female,more,1.232602,4.599999905,lower,yes,yes,14,18,84,0,1,1,0,0,1,1
yes,54,female,more,1.232602,3.799999952,lower,yes,yes,16,20,84,1,1,1,0,0,1,1
no,58,male,more,1.774333954,4.699999809,lower,yes,no,16,17,85,0,0,0,0,0,1,0
no,58,male,more,1.774333954,5,lower,yes,no,21,21,85,0,0,0,0,0,1,0
no,58,male,more,1.774333954,4.900000095,lower,yes,no,18,21,85,0,0,0,0,0,1,0
no,58,male,more,1.774333954,4.599999905,lower,yes,no,17,20,85,0,0,0,0,0,1,0
no,58,male,more,1.774333954,4.599999905,lower,yes,no,19,20,85,0,0,0,0,0,1,0
no,58,male,more,1.774333954,5,lower,yes,no,11,13,85,0,0,0,0,0,1,0
no,58,male,more,1.774333954,4.599999905,lower,yes,no,14,16,85,0,0,0,0,0,1,0
no,58,male,more,1.774333954,4.900000095,lower,yes,no,16,17,85,1,0,0,0,0,1,0
no,42,male,more,1.77315104,4.900000095,lower,yes,yes,15,18,86,0,0,0,0,0,1,1
no,42,male,more,1.77315104,4,lower,yes,yes,22,24,86,0,0,0,0,0,1,1
no,42,male,more,1.77315104,3.900000095,upper,yes,yes,17,20,86,1,0,0,0,1,1,1
no,33,male,more,0.724592626,4.300000191,lower,yes,yes,85,120,87,0,0,0,0,0,1,1
no,33,male,more,0.724592626,4.099999905,lower,yes,yes,67,155,87,1,0,0,0,0,1,1
no,62,male,more,-1.181625962,3.299999952,lower,yes,yes,11,38,88,0,0,0,0,0,1,1
no,62,male,more,-1.181625962,2.900000095,lower,yes,yes,28,70,88,0,0,0,0,0,1,1
no,62,male,more,-1.181625962,2.799999952,lower,yes,yes,61,149,88,0,0,0,0,0,1,1
no,62,male,more,-1.181625962,2.799999952,lower,yes,yes,49,137,88,0,0,0,0,0,1,1
no,62,male,more,-1.181625962,4,upper,yes,yes,13,29,88,0,0,0,0,1,1,1
no,62,male,more,-1.181625962,3.299999952,lower,yes,yes,28,55,88,0,0,0,0,0,1,1
no,62,male,more,-1.181625962,3,lower,yes,yes,67,136,88,1,0,0,0,0,1,1
yes,35,female,more,1.769451976,3.400000095,lower,yes,yes,60,96,89,0,1,1,0,0,1,1
yes,35,female,more,1.769451976,3.599999905,lower,yes,yes,20,60,89,0,1,1,0,0,1,1
yes,35,female,more,1.769451976,3.799999952,lower,yes,yes,43,108,89,1,1,1,0,0,1,1
no,61,male,more,-0.5872612,3.599999905,lower,yes,yes,27,39,90,0,0,0,0,0,1,1
no,61,male,more,-0.5872612,3.900000095,lower,yes,yes,13,15,90,1,0,0,0,0,1,1
no,52,female,more,-0.0018324,4,lower,yes,yes,61,111,91,0,0,1,0,0,1,1
no,52,female,more,-0.0018324,4.699999809,lower,yes,yes,14,17,91,0,0,1,0,0,1,1
no,52,female,more,-0.0018324,4.699999809,lower,yes,yes,19,19,91,1,0,1,0,0,1,1
no,60,female,more,-0.0566766,3.900000095,upper,no,yes,23,27,92,0,0,1,0,1,0,1
no,60,female,more,-0.0566766,3.900000095,upper,no,yes,18,19,92,0,0,1,0,1,0,1
no,60,female,more,-0.0566766,4.400000095,upper,no,yes,11,13,92,0,0,1,0,1,0,1
no,60,female,more,-0.0566766,3.599999905,upper,no,yes,18,19,92,0,0,1,0,1,0,1
no,60,female,more,-0.0566766,4.199999809,upper,no,yes,11,22,92,0,0,1,0,1,0,1
no,60,female,more,-0.0566766,3.400000095,upper,no,yes,7,20,92,0,0,1,0,1,0,1
no,60,female,more,-0.0566766,4,upper,no,yes,24,27,92,1,0,1,0,1,0,1
no,32,male,more,1.231394053,4.300000191,lower,yes,yes,98,132,93,0,0,0,0,0,1,1
no,32,male,more,1.231394053,4.199999809,lower,yes,yes,111,127,93,0,0,0,0,0,1,1
no,32,male,more,1.231394053,4.400000095,upper,yes,yes,62,85,93,0,0,0,0,1,1,1
no,32,male,more,1.231394053,4.5,lower,yes,yes,76,101,93,0,0,0,0,0,1,1
no,32,male,more,1.231394053,3.200000048,lower,yes,yes,9,21,93,0,0,0,0,0,1,1
no,32,male,more,1.231394053,4.300000191,upper,yes,yes,52,86,93,1,0,0,0,1,1,1
yes,42,female,more,0.420399815,3.299999952,upper,no,yes,48,84,94,0,1,1,0,1,0,1
yes,42,female,more,0.420399815,3.299999952,upper,no,yes,52,67,94,0,1,1,0,1,0,1
yes,42,female,more,0.420399815,3.200000048,upper,no,yes,54,66,94,0,1,1,0,1,0,1
yes,42,female,single,0.420399815,4.099999905,lower,no,yes,28,35,94,1,1,1,1,0,0,1
yes,29,female,more,-0.848726928,3.299999952,upper,no,yes,19,26,22,1,1,1,0,1,0,1
no,41,female,more,0.408167601,2.299999952,upper,yes,yes,10,12,30,1,0,1,0,1,1,1
no,37,male,more,0.933395922,3.5,upper,yes,yes,15,17,40,1,0,0,0,1,1,1
no,58,female,more,0.111563496,3.5,upper,yes,yes,26,34,47,1,0,1,0,1,1,1
no,42,male,more,-0.900580406,4,upper,yes,yes,45,86,61,1,0,0,0,1,1,1
no,39,male,more,0.643014193,4.300000191,upper,yes,yes,22,29,62,1,0,0,0,1,1,1
no,51,female,more,0.391822189,3,upper,yes,yes,47,67,69,1,0,1,0,1,1,1
